,schema_key,modality,snr,snr_pass,fov_pass,motion_pass
5,S001-OD-T+14d,FFA,3.970639391136694,False,True,True
3,S001-OD-T+14d,OCT,3.9138733749047883,False,True,True
4,S001-OD-T+14d,SLO,3.7781480291913825,False,True,True
2,S001-OD-T0,FFA,3.959613983553442,False,True,True
0,S001-OD-T0,OCT,3.904367619634668,False,True,True
1,S001-OD-T0,SLO,3.770087410642661,False,True,True
8,S002-OS-T0,FFA,3.9489032290642845,False,True,True
6,S002-OS-T0,OCT,3.705434431614672,False,True,True
7,S002-OS-T0,SLO,3.7781356619137125,False,True,True
